ID,Name,PhotoUrl
146165680,Holly Holt,https://randomuser.me/api/portraits/women/85.jpg
758929367,Karl Beck,https://randomuser.me/api/portraits/men/5.jpg
614711902,Ellen Edwards,https://randomuser.me/api/portraits/women/61.jpg
379222730,Hannah Simmons,https://randomuser.me/api/portraits/women/85.jpg
377801470,Max Brooks,https://randomuser.me/api/portraits/men/92.jpg
115901228,Willie Howard,https://randomuser.me/api/portraits/women/80.jpg
775645202,Daisy Mccoy,https://randomuser.me/api/portraits/women/81.jpg
141475750,Marcia Hill,https://randomuser.me/api/portraits/women/38.jpg
590763039,Ian Bates,https://randomuser.me/api/portraits/men/91.jpg
724343377,Travis Castillo,https://randomuser.me/api/portraits/men/19.jpg
